<?xml version="1.0" encoding="UTF-8"?>
<TablacusExplorer><Window Left="104" Top="104" Width="1025" Height="533" CmdShow="1"/><Ctrl Type="196608" Left="0" Top="0" Width="100%" Height="100%" Style="19009" Align="2" TabWidth="96" TabHeight="0" SelectedIndex="0" Visible="-1" Group="0"><Ctrl Type="1" Path="0" FolderFlags="8193" ViewMode="4" IconSize="16" Options="6" ViewFlags="1" FilterView="" Lock="0" Align="1" Width="200" Flags="33443" EnumFlags="32" RootStyle="2" Root="0"/></Ctrl><Tab Id="Style">19009</Tab><Tab Id="Align">2</Tab><Tab Id="TabWidth">96</Tab><Tab Id="TabHeight">0</Tab><View Id="Type">1</View><View Id="ViewMode">4</View><View Id="fFlags">8193</View><View Id="Options">6</View><View Id="ViewFlags">1</View><View Id="IconSize">0</View><View Id="SizeFormat">0</View><Tree Id="Align">0</Tree><Tree Id="Width">200</Tree><Tree Id="Style">33443</Tree><Tree Id="EnumFlags">32</Tree><Tree Id="RootStyle">2</Tree><Tree Id="Root">0</Tree><Conf Id="TabDefault">-1</Conf><Conf Id="TreeDefault">-1</Conf><Conf Id="ListDefault">-1</Conf><Conf Id="Lang">ja</Conf><Conf Id="Gestures">2</Conf><Conf Id="TrailColor">65280</Conf><Conf Id="TrailSize">2</Conf><Conf Id="GestureTimeout">3000</Conf><Conf Id="Layout">128</Conf><Conf Id="NetworkTimeout">2000</Conf></TablacusExplorer>
